epoch,split,loss_total,loss_pred_mse,loss_hjm_drift,loss_ito,mse,mae,rmse,hjm_violation_rate,lr,grad_norm,wall_time_s
1,train,3.8636958730918884,0.06975257467751488,37.84086945073896,0.19712706680955558,0.06975257467751488,0.13490004529213084,0.16823666600574708,0.9720605981761011,0.0003,113.00750135347761,91.79969358444214
2,train,0.006029418353513205,0.0028382202104568995,0.0011200352254773266,0.06158389241017144,0.0028382202104568995,0.04237235112693803,0.05314569695499437,0.9298042490564543,0.0003,0.1803853407759091,97.49746584892273
3,train,0.004791991531764607,0.002236232894135575,0.0007538349389756933,0.04960750287462925,0.002236232894135575,0.03762412129034256,0.04723508700985333,0.9143049645012823,0.0003,0.19248161721846152,95.29293608665466
1,train,4.5752411528598875,0.07082232155291171,44.95171547264808,0.18494568084334506,0.07082232155291171,0.12791558432167974,0.16759919811939372,0.9677053515253395,0.0003,125.63683615727672,98.2212483882904
2,train,0.006087267859778688,0.0028615298817448063,0.0011708196664052405,0.06217312022786716,0.0028615298817448063,0.042417665815045094,0.053373101649099385,0.927822687502565,0.0003,0.2063994551527089,97.17482829093933
3,train,0.004635825323428686,0.0020696871877840623,0.0006232670250404947,0.05007622866281148,0.0020696871877840623,0.03615841853978305,0.04544000289049642,0.9056782907453077,0.0003,0.16083515589607172,96.6638514995575
4,train,0.003954281353748982,0.001685933428736211,0.0004066906534215628,0.04455357719341229,0.001685933428736211,0.03269902282747729,0.041001847399205996,0.8833303564581377,0.0003,0.15328168316647925,95.30671906471252
5,train,0.003499776784105805,0.0014075517317215945,0.0003160150191778767,0.04121247100932845,0.0014075517317215945,0.02992121432105015,0.037496657464010964,0.8658225669943053,0.0003,0.14671915397047997,95.53911185264587
6,train,0.0031511586709429733,0.0011882795109252992,0.0002512657364573458,0.038755051727438795,0.0011882795109252992,0.027472492757028545,0.034441240003396725,0.8493235275663179,0.0003,0.15368472951753387,95.96866273880005
7,train,0.0028625257833357017,0.0010220816846663967,0.00016689278081998807,0.03647509641174612,0.0010220816846663967,0.025391725823283195,0.031898022340289475,0.81750779624643,0.0003,0.15928872404941197,98.29738998413086
8,train,0.0024933339714058593,0.0007751785160508007,0.00010674408409174467,0.034149620938917685,0.0007751785160508007,0.022169520725207083,0.027799290476431107,0.7753023361337597,0.0003,0.13441760799494282,96.62678003311157
9,train,0.00218735982026405,0.0006243194125247477,7.510226777381392e-05,0.031110603619238425,0.0006243194125247477,0.01992022425963961,0.024907158462908762,0.7396791310145937,0.0003,0.13182224782890287,96.25229859352112
10,train,0.0017744001451194045,0.0004231291818071221,3.8373835477927814e-05,0.02694867159528979,0.0004231291818071221,0.01633560337961234,0.020533133009127503,0.6529693634345614,0.0003,0.10081032676429584,97.03106474876404
11,train,0.0014439257908744085,0.0003547820880816414,2.6353212590414653e-05,0.02173016763067451,0.0003547820880816414,0.015014175245345667,0.01877186090910229,0.6109135649327574,0.0003,0.11022306387794428,97.12171578407288
12,train,0.0010760393809395564,0.0002577301977374912,1.7874482072611812e-05,0.01633043469989608,0.0002577301977374912,0.012787516453656656,0.015988561453233505,0.573018448620007,0.0003,0.0963078938296129,95.38297247886658
13,train,0.000823723850209623,0.0002220694090095188,1.4567828398428211e-05,0.012003953167205227,0.0002220694090095188,0.011854797714100829,0.0148377260996093,0.5455579603540486,0.0003,0.0993419360883277,96.3949966430664
14,train,0.0005992276602702579,0.0001540726215321699,7.269451030283405e-06,0.008888561872701192,0.0001540726215321699,0.009892877351878018,0.012366953048983524,0.4894217042059734,0.0003,0.07669956416919313,96.97228932380676
15,train,0.00046136498174644593,0.00012409806380485957,6.19706014308106e-06,0.0067329442385455655,0.00012409806380485957,0.00886204322511009,0.011086546928332797,0.4724108062941453,0.0003,0.07034914157000081,94.66097497940063
16,train,0.0003744642188547099,0.00011310064975736293,4.7130315539922364e-06,0.005217845318838954,0.00011310064975736293,0.008452688753283743,0.01055067936600796,0.4478119097906968,0.0003,0.07135032393552106,96.9291980266571
17,train,0.00029445895681188346,8.780229033838059e-05,3.6851246936121556e-06,0.004125763080082834,8.780229033838059e-05,0.0074578770757492245,0.009323065546501813,0.42494612521138686,0.0003,0.0626623298459012,98.62931776046753
18,train,0.00024482577447394044,7.852092858229298e-05,2.9577142123375307e-06,0.003320181489408273,7.852092858229298e-05,0.007033523694001909,0.008815017970407317,0.4106501479601038,0.0003,0.06145348040194347,98.44170808792114
19,train,0.0002162412546689321,7.952835215386083e-05,2.6757067824542776e-06,0.0027289066367365165,7.952835215386083e-05,0.007082643051599634,0.00881016149249827,0.398889493325661,0.0003,0.06585535037748773,95.52727961540222
20,train,0.00017207466664883903,5.8712969521052555e-05,2.530834710169388e-06,0.002262172273135391,5.8712969521052555e-05,0.006032438884521353,0.007579986961430003,0.3753322642938844,0.0003,0.05327933705572424,96.51662254333496
21,train,0.00015319175552857078,5.805075037140592e-05,1.867050995401612e-06,0.0018990860011524938,5.805075037140592e-05,0.0060286047739972325,0.007556204844651551,0.34706358303283824,0.0003,0.05601541858551831,98.07133841514587
22,train,0.0001289515540575253,4.811725064992688e-05,1.625893227010865e-06,0.0016134342816979464,4.811725064992688e-05,0.005454022814680277,0.0068468736998479945,0.32852311303903314,0.0003,0.049356593461386086,95.95993518829346
23,train,0.00010803360202726645,3.9307260929741337e-05,1.3601261079249274e-06,0.0013718065697346524,3.9307260929741337e-05,0.004970208147604917,0.006223608330213304,0.2898228006630108,0.0003,0.04457192569328793,95.03867816925049
24,train,0.00010327342941462216,4.382824239467576e-05,1.4029182736898103e-06,0.0011860979038515482,4.382824239467576e-05,0.005248936286581488,0.006582369706754027,0.3016972030545103,0.0003,0.05089649558067322,96.08001852035522
25,train,9.17816620898293e-05,4.001559967758206e-05,1.3214013543755096e-06,0.0010326784455361936,4.001559967758206e-05,0.005036716718740505,0.0062671247388011424,0.29950311728592577,0.0003,0.04840473422844862,97.85610795021057
26,train,7.773467846399054e-05,3.2499819977162804e-05,1.04041355527819e-06,0.0009026163426259982,3.2499819977162804e-05,0.0045173076695987375,0.005652249662269806,0.2512601824670002,0.0003,0.04230625481055728,94.44135332107544
27,train,7.261047897172987e-05,3.2817725978334083e-05,9.839972167042262e-07,0.0007938870654345073,3.2817725978334083e-05,0.004515267190009612,0.005676687863687503,0.24739583825756764,0.0003,0.04370915883317076,97.84250712394714
28,train,7.101355207682587e-05,3.530083641039553e-05,1.0127509230626637e-06,0.0007122288114824814,3.530083641039553e-05,0.004742748368981069,0.005876913546295515,0.2645623852209798,0.0003,0.04696735742919404,97.4205174446106
29,train,6.023548914805392e-05,2.8619395787496488e-05,8.317963714285599e-07,0.0006306582744682914,2.8619395787496488e-05,0.00426392322647032,0.005310385793062119,0.22454801651424375,0.0003,0.04160970449447632,96.1789665222168
30,train,6.276068374914162e-05,3.396563486854449e-05,9.170494449947377e-07,0.000574066878721953,3.396563486854449e-05,0.004587516879084809,0.005743293380685921,0.24238206818699837,0.0003,0.0465973105988112,96.85536336898804
31,train,4.508403253772752e-05,1.9595511573776282e-05,4.963278384146743e-07,0.0005087777636021953,1.9595511573776282e-05,0.0035110436387938157,0.0043973842443063346,0.14145115165617958,0.0003,0.03157360048900391,95.4973714351654
32,train,5.03767960675179e-05,2.707970816118177e-05,7.987815804661859e-07,0.0004643441949657903,2.707970816118177e-05,0.004127557618254474,0.005121544453090635,0.19873383930274124,0.0003,0.040893992168250785,98.74402976036072
33,train,4.414721169080716e-05,2.2811815158312476e-05,6.857958083103234e-07,0.00042533633903327304,2.2811815158312476e-05,0.003790548862086545,0.00472182169123071,0.1881465557962656,0.0003,0.03717131093786708,95.66579508781433
34,train,4.184366988599307e-05,2.2522819343631173e-05,6.27496105160954e-07,0.00038516201863691594,2.2522819343631173e-05,0.0037467825098027444,0.004685410623567115,0.17662236871647424,0.0003,0.0372626053747432,97.1902527809143
35,train,4.61288067126412e-05,2.8077523517101234e-05,7.068679768108581e-07,0.0003596119279571777,2.8077523517101234e-05,0.004204467488934511,0.005263297625913702,0.20281070779109822,0.0003,0.043850348587950755,96.84025502204895
36,train,4.431151594975949e-05,2.7624553710885613e-05,8.706483023270894e-07,0.00033199794817282335,2.7624553710885613e-05,0.004129833268836655,0.0051838955239810304,0.2163523737469624,0.0003,0.04280504051210551,98.33061504364014
37,train,3.096059655118603e-05,1.5895276176487295e-05,4.569462319636841e-07,0.0003003925150300472,1.5895276176487295e-05,0.0031262864479152806,0.003946940250020346,0.12184506930924695,0.0003,0.029173933130143017,95.38847064971924
38,train,3.1041407690973554e-05,1.708913229996487e-05,4.7538753782536615e-07,0.00027809473274452293,1.708913229996487e-05,0.003273193901083593,0.004075207831819767,0.1307680818798213,0.0003,0.03136776553081541,96.27234983444214
39,train,3.2859965795936354e-05,1.9799303964677604e-05,6.267309635863339e-07,0.00025995977469800234,1.9799303964677604e-05,0.00350193556494497,0.004406740467449458,0.16197318288272824,0.0003,0.03564068369952769,98.99151563644409
40,train,3.2502594503089825e-05,2.0182255317696876e-05,4.3520211593870735e-07,0.00024553637947598154,2.0182255317696876e-05,0.0035428949832466655,0.004446015625003854,0.12764607472666378,0.0003,0.03619335550044117,95.95452904701233
41,train,3.164061400016357e-05,2.012422878735755e-05,4.4915718604968414e-07,0.000229429389884021,2.012422878735755e-05,0.0035008418269391202,0.004410106447878583,0.1254070902500173,0.0003,0.035325906881741406,95.63601493835449
42,train,2.7273867045670586e-05,1.6660197224123764e-05,5.417158946400001e-07,0.00021118996464165635,1.6660197224123764e-05,0.0032244552055309557,0.0040388923812786056,0.14652777954550653,0.0003,0.031117070450222696,96.07594132423401
43,train,2.9406929158499967e-05,1.9234381366474955e-05,5.343576368208515e-07,0.00020238224056685856,1.9234381366474955e-05,0.003503387464724224,0.004350017077803355,0.14728208974903,0.0003,0.03466883410924468,99.13176226615906
44,train,3.0859915607732486e-05,2.1282145114347605e-05,5.815114503030631e-07,0.00019039238696709146,2.1282145114347605e-05,0.003690079187749532,0.004576144045507857,0.16997425926142726,0.0003,0.037621768191456795,95.50312638282776
45,train,2.2214336707352898e-05,1.340600853585909e-05,3.045536871582044e-07,0.00017555745605555973,1.340600853585909e-05,0.0029080389027387418,0.0036225143201841876,0.07165349737323563,0.0003,0.02680749316089626,97.28024578094482
46,train,2.2779985736051378e-05,1.447363944141122e-05,4.777335196249937e-07,0.0001651714588535532,1.447363944141122e-05,0.00294457773019656,0.003748778996443183,0.11651999701280147,0.0003,0.029492310553403765,97.51502919197083
47,train,2.3539836977571166e-05,1.5597875878076342e-05,3.83012276913554e-07,0.00015807319743606937,1.5597875878076342e-05,0.00313395533534088,0.003898713813998319,0.10738146772351244,0.0003,0.031337506137788296,96.81961703300476
48,train,2.301599970759925e-05,1.5505770330366493e-05,4.929106575775284e-07,0.00014921876622950016,1.5505770330366493e-05,0.0030526686018204382,0.003885994183606115,0.12159363247839541,0.0003,0.03101551336846475,95.54911971092224
49,train,2.706868749001991e-05,1.9772721269215126e-05,5.831150555822802e-07,0.00014475309430493107,1.9772721269215126e-05,0.0034715645737817577,0.004398586666050913,0.15252035705308462,0.0003,0.03669045081940191,95.97881150245667
50,train,2.0269077557221908e-05,1.3513126822513656e-05,3.3316801075843303e-07,0.00013445267867264818,1.3513126822513656e-05,0.002887015652457445,0.00364373998459557,0.08588661595472488,0.0003,0.027755731588293767,95.08569598197937
51,train,2.2557611199084505e-05,1.6072622837123945e-05,3.878814224294572e-07,0.0001289240043943523,1.6072622837123945e-05,0.00314250852157972,0.003947360693990928,0.10928819646480782,0.0003,0.03143196146742537,95.36439156532288
52,train,1.822890155468399e-05,1.2097462590175163e-05,2.9554119960501903e-07,0.00012203769689096652,1.2097462590175163e-05,0.0027296468374672636,0.003445880981322763,0.06948934533986552,0.0003,0.026045671487548227,95.87818455696106
53,train,1.807868820029743e-05,1.2243109981211781e-05,3.609160663817702e-07,0.00011598973224894947,1.2243109981211781e-05,0.002709483834192285,0.0034426075069169545,0.08986470498273084,0.0003,0.026472449463246197,97.89924716949463
54,train,2.2031868615112535e-05,1.6325298827660876e-05,4.228370846409893e-07,0.00011328572157975126,1.6325298827660876e-05,0.003152377192926561,0.0039909602271328715,0.1193277084124114,0.0003,0.03272532581769187,97.30378365516663
55,train,1.7046674614229868e-05,1.1727198633362323e-05,2.949107901638948e-07,0.00010579969803702312,1.1727198633362323e-05,0.0026853453199347033,0.003388531333445732,0.07479047049479239,0.0003,0.02639002099247842,94.50775051116943
56,train,1.4862170089127235e-05,9.776606122676609e-06,2.2790517549792795e-07,0.00010125546897801666,9.776606122676609e-06,0.002463542073483354,0.003102225331782267,0.04791367435747565,0.0003,0.023164568741902196,95.64689946174622
57,train,1.6716922617842423e-05,1.1775625917552729e-05,3.2638357990224213e-07,9.817316684598939e-05,1.1775625917552729e-05,0.0026876438360918186,0.0033767750157557173,0.08059147657858658,0.0003,0.026627557544872678,96.43098163604736
58,train,1.6372326529069048e-05,1.1640864597901437e-05,2.9984029432508296e-07,9.402955803470204e-05,1.1640864597901437e-05,0.0026944324651187092,0.003366518051138726,0.07241678799719325,0.0003,0.026393444566377277,94.95131397247314
59,train,1.3766443906004022e-05,9.235986594987856e-06,2.223489008544816e-07,9.016444841861436e-05,9.235986594987856e-06,0.002372137252803378,0.002995250072201778,0.04187320452986349,0.0003,0.02157653412171479,99.5249183177948
60,train,1.4584844359028916e-05,1.0238596516877617e-05,2.559041320917631e-07,8.641314857884245e-05,1.0238596516877617e-05,0.002521955380055668,0.00316255797375122,0.05666008238993778,0.0003,0.023551636696632565,96.76406764984131
61,train,1.7298113575835402e-05,1.3001748600110094e-05,3.8872675144696995e-07,8.514984601161217e-05,1.3001748600110094e-05,0.0028505860827863216,0.003578001099381724,0.09978149111928611,0.0003,0.028204964441729003,98.49545645713806
62,train,1.859838772826438e-05,1.4447944757758424e-05,4.466499277100411e-07,8.211555955469897e-05,1.4447944757758424e-05,0.0029893868747327863,0.0037586548815256565,0.1231681063835477,0.0003,0.03009427563640578,95.95816254615784
63,train,1.4644769457720587e-05,1.0706245159875333e-05,2.4886252347755544e-07,7.827276090994992e-05,1.0706245159875333e-05,0.0025329406188544013,0.003194590681232512,0.05471743339399711,0.0003,0.02308263901043041,95.46013760566711
64,train,1.5183989554168716e-05,1.139073048040606e-05,2.470528527194817e-07,7.537107576981412e-05,1.139073048040606e-05,0.002628174405705569,0.003317985322390651,0.046872007680639365,0.0003,0.02509145143217054,96.40982246398926
65,train,1.426639290844021e-05,1.0610876792082403e-05,3.233666977711562e-07,7.246358893161383e-05,1.0610876792082403e-05,0.0025255508692774535,0.003208032720882831,0.07485632345698581,0.0003,0.023998897651146198,95.2637631893158
66,train,1.3074373078556447e-05,9.575852612309472e-06,2.1767784938549148e-07,6.953505362616852e-05,9.575852612309472e-06,0.002417488386934816,0.0030695468685108013,0.03816151919830912,0.0003,0.023196048922194488,96.3572325706482
67,train,1.2117277707642318e-05,8.66968455205818e-06,1.981962417021115e-07,6.855547062827852e-05,8.66968455205818e-06,0.0023235060105999484,0.0029163271839056037,0.032246767717879266,0.0003,0.02125636184716533,95.99199271202087
68,train,1.5005234841717456e-05,1.1633574833216824e-05,3.259181613020309e-07,6.678136384740858e-05,1.1633574833216824e-05,0.002685159436780317,0.003374309588127352,0.08387212797292862,0.0003,0.02684605067017777,97.11467742919922
69,train,1.3523687975765206e-05,1.0226198606562384e-05,3.298381994811499e-07,6.529011098509414e-05,1.0226198606562384e-05,0.002478360597863151,0.0031317348335066744,0.07898707010638739,0.0003,0.024138784806790024,96.14897131919861
70,train,1.1866807660511873e-05,8.763887257342064e-06,1.8831176777310029e-07,6.168178452784999e-05,8.763887257342064e-06,0.002347311350227944,0.0029268178382310375,0.03054358292138204,0.0003,0.022307878376209532,97.0797917842865
71,train,1.2053844446068617e-05,8.997812379863623e-06,2.0891411867884518e-07,6.070281308674221e-05,8.997812379863623e-06,0.0023589279695317663,0.002974721490694531,0.03661398527389071,0.0003,0.022356588923340213,96.8434727191925
72,train,1.4510845923377084e-05,1.142602263042073e-05,2.834751432517194e-07,6.112951557262367e-05,1.142602263042073e-05,0.0026401414451638944,0.0033167707011232087,0.07215337725837939,0.0003,0.025992788133564693,96.31700873374939
73,train,1.24573934283514e-05,9.540143968604689e-06,2.7442988424248706e-07,5.779612942644925e-05,9.540143968604689e-06,0.002401353393938264,0.0030471406403350934,0.06357459384337838,0.0003,0.0231874149999228,95.17943859100342
74,train,1.4110560345537532e-05,1.1242893261341719e-05,2.64008061266991e-07,5.682532556138226e-05,1.1242893261341719e-05,0.0025820626198827966,0.0032747462030564404,0.06394875623839746,0.0003,0.025367258389576756,95.32500457763672
75,train,8.575902059739103e-06,5.913017009239913e-06,1.4973758227213316e-07,5.2958225845439555e-05,5.913017009239913e-06,0.0019172947825703386,0.002420497765154417,0.019465397830635053,0.0003,0.014778388487496253,97.09801125526428
76,train,1.1692512623454342e-05,9.025919145391652e-06,2.1521091961391966e-07,5.290144772202595e-05,9.025919145391652e-06,0.0023607722571890415,0.0029764510610879496,0.04000239527848517,0.0003,0.021745212038914705,95.55389165878296
77,train,1.258302944804488e-05,9.936316865636839e-06,2.5755015530221654e-07,5.241915133755638e-05,9.936316865636839e-06,0.002480557212477614,0.003126525653301385,0.05469049426028505,0.0003,0.023270769542532748,95.8048324584961
78,train,1.5338681361621138e-05,1.2721265365739938e-05,3.176914995900257e-07,5.1712936918443906e-05,1.2721265365739938e-05,0.002822201486259442,0.0035026320416865677,0.07577227130692837,0.0003,0.027420652323755724,97.6805636882782
79,train,1.2122026917538165e-05,9.639640415241893e-06,2.7840579741972104e-07,4.909091845108598e-05,9.639640415241893e-06,0.0024280908762413108,0.0030636273581406167,0.06382004356670097,0.0003,0.022907965254552406,98.28279972076416
80,train,1.1487467625658182e-05,9.138979278539974e-06,2.7748329439555947e-07,4.6414800353573055e-05,9.138979278539974e-06,0.002339230992847347,0.0029691219418149055,0.059794062471563186,0.0003,0.021783150555887098,95.56267476081848
81,train,1.1306065493966771e-05,8.948397603960294e-06,2.174075659117283e-07,4.671854266830607e-05,8.948397603960294e-06,0.0023395070858331845,0.0029510095522835337,0.03825431121392818,0.0003,0.021798291516586625,95.76671195030212
82,train,8.992375050184399e-06,6.795486820794457e-06,1.5523357214223765e-07,4.3627297443514366e-05,6.795486820794457e-06,0.002037841377073321,0.002585391923464064,0.016627754098816037,0.0003,0.01738323096250152,97.51594257354736
83,train,1.16614142000991e-05,9.431241284707131e-06,2.2368373636097736e-07,4.4156090835117384e-05,9.431241284707131e-06,0.002375488071140416,0.0030287403396555574,0.04176544630097161,0.0003,0.02263078217169848,95.57181072235107
84,train,1.0156752707158916e-05,7.998474584696695e-06,2.2765237505068554e-07,4.2710257699143074e-05,7.998474584696695e-06,0.0022144931356486834,0.002798276042148214,0.04540828640717242,0.0003,0.020459393938553744,95.10555577278137
85,train,9.898722802332302e-06,7.742779075670114e-06,1.6701678213617642e-07,4.27848409689714e-05,7.742779075670114e-06,0.0021640305218672187,0.0027299515264718956,0.024530053124682785,0.0003,0.019805029018557276,95.6690502166748
86,train,9.049015762154854e-06,6.95186857009158e-06,1.5872669701205519e-07,4.162549044724136e-05,6.95186857009158e-06,0.00205807891826884,0.002608373955871653,0.021126676372910755,0.0003,0.019126116860144097,96.4185733795166
87,train,1.0376462220834085e-05,8.29320493596305e-06,2.4720525213058017e-07,4.117073519315956e-05,8.29320493596305e-06,0.002283449541648914,0.002855051694245174,0.052565254654398125,0.0003,0.021963879080681967,96.25343036651611
88,train,9.254748152561279e-06,7.218944731370169e-06,1.7688190743520973e-07,4.0362304608951775e-05,7.218944731370169e-06,0.0020878117888812617,0.0026568537939275646,0.029310345176029307,0.0003,0.019465862869702536,97.7638750076294
89,train,9.007939122765334e-06,7.0281712435738384e-06,1.8574836118265748e-07,3.92238608614646e-05,7.0281712435738384e-06,0.0020605388763842397,0.0026151485889668352,0.023126197659715624,0.0003,0.018627323057695197,96.54590249061584
90,train,1.0871875946925759e-05,8.84544180797971e-06,2.832931612513691e-07,3.996209645641823e-05,8.84544180797971e-06,0.002328944659454684,0.002944018880451291,0.06496048956137986,0.0003,0.02258669992844606,95.90386843681335
91,train,1.232753932421374e-05,1.0357455000209075e-05,2.539525404678255e-07,3.8893781399157634e-05,1.0357455000209075e-05,0.0025382304849135206,0.0031673317646671987,0.05198754862970512,0.0003,0.025030029744937503,96.74746203422546
92,train,9.886528657567094e-06,7.963162441479528e-06,1.8421255460495935e-07,3.809889921254141e-05,7.963162441479528e-06,0.002215229207649827,0.0027920550361661047,0.028819445030892205,0.0003,0.020449253537788474,97.05549192428589
93,train,1.038100975317099e-05,8.470647148426686e-06,2.5278173289432836e-07,3.770168862909737e-05,8.470647148426686e-06,0.0022684324127300805,0.0028726726706171856,0.05231980475645255,0.0003,0.02138492829519613,98.54855561256409
94,train,1.0636372073848627e-05,8.788224931777222e-06,2.2778853169985927e-07,3.650736577802836e-05,8.788224931777222e-06,0.0023328981900202304,0.0029309301171451807,0.04988026915013726,0.0003,0.021989626504866213,97.38092041015625
95,train,1.0531622325344345e-05,8.743284752199543e-06,2.248384513665832e-07,3.531707456016287e-05,8.743284752199543e-06,0.002319806470166378,0.002924549036081238,0.04771611679762859,0.0003,0.021190500657620102,97.04373741149902
96,train,1.1559784662149115e-05,9.767954695454481e-06,2.6556486897655713e-07,3.530546959593956e-05,9.767954695454481e-06,0.002469344919643782,0.003099990904266978,0.05559446956512743,0.0003,0.023295876586103235,97.30658960342407
97,train,9.985743031454466e-06,8.310901821146373e-06,1.9786069059031088e-07,3.310110282498123e-05,8.310901821146373e-06,0.002279684561754352,0.002847901974997387,0.033291427733713824,0.0003,0.021268144442603505,96.18024396896362
98,train,1.1478064912420282e-05,9.80757808661267e-06,2.1106025139100234e-07,3.298761601337023e-05,9.80757808661267e-06,0.0024783608407295986,0.003094910712238273,0.04146910995517954,0.0003,0.024045330584691518,99.2201795578003
99,train,8.91305839628058e-06,7.265125379396115e-06,1.6169346554404692e-07,3.263527340660121e-05,7.265125379396115e-06,0.002108630330847769,0.0026694070427389495,0.02024066131080276,0.0003,0.01906622095226214,96.17844152450562
100,train,1.1964539185698711e-05,1.033944273989744e-05,3.65210220624688e-07,3.1771508474776056e-05,1.033944273989744e-05,0.002478638659873656,0.0031514243616176576,0.08951448802314378,0.0003,0.025077823902769334,98.05384182929993
1,train,5.650468444127734,0.11144342072757668,55.39025023400157,0.0,0.11144342072757668,0.1511563801302992,0.20054188627621222,0.9743923750416986,0.0003,138.87994568769275,99.82475638389587
2,train,0.0037230648401450238,0.0035418482248446553,0.0018121661530036864,0.0,0.0035418482248446553,0.047304094030425466,0.05935483528622266,0.9400203690446657,0.0003,0.24319121742556835,105.00329375267029
3,train,0.002543658030707116,0.002454948960803449,0.0008870906990366699,0.0,0.002454948960803449,0.03949132259806682,0.04944726259543978,0.9179897154199665,0.0003,0.1927956468586264,94.63876271247864
4,train,0.001985513770266372,0.0019340693091588288,0.0005144446110754306,0.0,0.0019340693091588288,0.03505641478916694,0.04392751614595282,0.8942409106369676,0.0003,0.18109666389124146,97.52195572853088
5,train,0.0015794193987325154,0.0015441555979436841,0.0003526380078883135,0.0,0.0015441555979436841,0.03126708864523419,0.03924663981487011,0.8771312401212495,0.0003,0.17047853318267855,96.66663002967834
6,train,0.0012182909156826067,0.0011963395558393978,0.00021951359843209,0.0,0.0011963395558393978,0.027510984800755978,0.03453879000554825,0.8382842530464304,0.0003,0.14706543139342604,95.15423536300659
7,train,0.0010882974189685072,0.0010703093289991777,0.00017988089969329504,0.0,0.0010703093289991777,0.0260990166330132,0.03263572654847441,0.8238236472524446,0.0003,0.18066493010726467,94.35016131401062
8,train,0.0007933543342319196,0.0007818130342739409,0.00011541299957978732,0.0,0.0007818130342739409,0.02226093854626705,0.027855197192522985,0.7709860072053712,0.0003,0.1399860606882079,94.95311284065247
9,train,0.0006356263694685586,0.0006287419463002026,6.884423168356016e-05,0.0,0.0006287419463002026,0.01993820967216944,0.025025187124466074,0.7364224257140324,0.0003,0.13435343794267754,109.40919589996338
10,train,0.0005138213087336445,0.0005094503034468226,4.371005286821887e-05,0.0,0.0005094503034468226,0.017988829953788685,0.022496295193659848,0.6809147616912579,0.0003,0.12620008030328259,100.9350266456604
11,train,0.00041106282172316647,0.00040775377369598197,3.3090480271845266e-05,0.0,0.00040775377369598197,0.016046574146583163,0.020146531598835157,0.6489523567002395,0.0003,0.1131232217724981,94.79694819450378
12,train,0.0003631358843104581,0.000360048288712278,3.0875955981800555e-05,0.0,0.000360048288712278,0.01513975063852709,0.018934288415415532,0.6321749430278252,0.0003,0.11760512726574109,96.86616706848145
13,train,0.00026964184995010546,0.0002678450327948667,1.796817155238763e-05,0.0,0.0002678450327948667,0.013050584234939567,0.016321903656654316,0.5687410286788283,0.0003,0.09180891584476521,98.60453176498413
14,train,0.0002529079075633615,0.0002511272436220616,1.7806639412999082e-05,0.0,0.0002511272436220616,0.012637083707698461,0.015783693577195036,0.5751406966612257,0.0003,0.09820390711056776,96.29068398475647
15,train,0.0002158383859938928,0.00021455461156337746,1.2837744305153168e-05,0.0,0.00021455461156337746,0.011680710996533263,0.014623286764554936,0.5383381314318756,0.0003,0.09268021159644785,94.40345525741577
16,train,0.0001933519708653217,0.00019246183440153455,8.901364637871477e-06,0.0,0.00019246183440153455,0.011021174811597529,0.013815254342324775,0.5059057838957886,0.0003,0.08922338350836573,95.99355959892273
17,train,0.00015670232686057592,0.00015596161242213165,7.407144384442604e-06,0.0,0.00015596161242213165,0.009948508492831526,0.012447364644372258,0.49675527677453796,0.0003,0.07728292381968992,96.40811061859131
18,train,0.0001650831158356376,0.00016422035571003076,8.627601256068437e-06,0.0,0.00016422035571003076,0.01020904073234776,0.012746973364646065,0.5079591818924608,0.0003,0.08767913513142488,94.64112114906311
19,train,0.00013915569026392343,0.00013833899306362206,8.166972003013582e-06,0.0,0.00013833899306362206,0.009382630770640641,0.011706116866191914,0.483946965172373,0.0003,0.07934449690169301,95.39895939826965
20,train,0.00011674225183649719,0.00011624139118919566,5.0086064730153185e-06,0.0,0.00011624139118919566,0.008547131140748489,0.010716310349004022,0.4540858530792697,0.0003,0.06974884173993406,97.04542469978333
21,train,0.00010473012456996316,0.00010430213472412513,4.279898458380244e-06,0.0,0.00010430213472412513,0.008142804317497488,0.010175835036126703,0.4493085557016833,0.0003,0.06659445603346002,94.6552963256836
22,train,0.00010569202144567717,0.0001052000077144275,4.9201373124968335e-06,0.0,0.0001052000077144275,0.00819499655787287,0.010214964249010744,0.4544300842901756,0.0003,0.07108672868845792,95.26278567314148
23,train,8.388319040712869e-05,8.355363112561212e-05,3.2955928151656328e-06,0.0,8.355363112561212e-05,0.007278566449430996,0.009113819651498363,0.4210817824149954,0.0003,0.05846564137730105,95.92693185806274
24,train,8.330579005222842e-05,8.294755282585011e-05,3.582372263783076e-06,0.0,8.294755282585011e-05,0.007238211535752334,0.009039805808650523,0.4204082925771845,0.0003,0.06048094600053697,97.42659449577332
25,train,7.683307129033484e-05,7.653474457238817e-05,2.983267179466754e-06,0.0,7.653474457238817e-05,0.006951970810969842,0.008714699162298748,0.40496288856555673,0.0003,0.05912837045716828,94.38836169242859
26,train,6.691710717063869e-05,6.666376009826339e-05,2.5334707237530455e-06,0.0,6.666376009826339e-05,0.0064963744471556156,0.008126838799116427,0.3869911463096224,0.0003,0.05278812107983334,94.57730531692505
27,train,6.989767105959141e-05,6.961746269020108e-05,2.802083693903365e-06,0.0,6.961746269020108e-05,0.006648105071407968,0.00830734295545724,0.39245390943412123,0.0003,0.058694731636807836,96.61014556884766
28,train,7.123031817208169e-05,7.093849157611439e-05,2.9182659596730883e-06,0.0,7.093849157611439e-05,0.006651341296925113,0.008352837115847346,0.4016253660465109,0.0003,0.060301386654890814,94.67837905883789
29,train,5.515780755033496e-05,5.4964383299851885e-05,1.934242504830763e-06,0.0,5.4964383299851885e-05,0.005866410026069859,0.007370590962919182,0.3399874344468117,0.0003,0.04889629630307699,94.50605940818787
30,train,5.6368896916237956e-05,5.616308094588397e-05,2.058159703539849e-06,0.0,5.616308094588397e-05,0.0059493917987906726,0.007455807155126642,0.36000659111244926,0.0003,0.05226572050616659,96.32076501846313
31,train,5.054452375949542e-05,5.035949803202349e-05,1.8502572747193284e-06,0.0,5.035949803202349e-05,0.005660386972835866,0.007052886227531166,0.3376855901603041,0.0003,0.048622695054730464,96.91479253768921
32,train,5.358703585927585e-05,5.336634525331741e-05,2.2069060595844473e-06,0.0,5.336634525331741e-05,0.0058461670795905175,0.007264828261244914,0.36655292839839543,0.0003,0.05283994584119525,95.104807138443
33,train,4.601976157761688e-05,4.585117758010867e-05,1.6858399750821388e-06,0.0,4.585117758010867e-05,0.005393528170755197,0.006736051419685627,0.3326508690570963,0.0003,0.04761478115387004,94.20562624931335
34,train,4.2769152067856744e-05,4.2605689800282184e-05,1.634622675745614e-06,0.0,4.2605689800282184e-05,0.005079359755498068,0.0064576538841657595,0.29549809108520375,0.0003,0.04476142806354268,97.97007250785828
35,train,4.2994126101900984e-05,4.2832233389319677e-05,1.6189271258130687e-06,0.0,4.2832233389319677e-05,0.0052206604460511225,0.006474324124704661,0.3170677729207894,0.0003,0.04552168322020564,94.65552473068237
36,train,3.8267549525444176e-05,3.8131138322130244e-05,1.3641120331393377e-06,0.0,3.8131138322130244e-05,0.00491799529770325,0.006119831408984189,0.3044300826972929,0.0003,0.042827160964752066,94.771155834198
37,train,4.2032883943001064e-05,4.1916054434640785e-05,1.1682950836028136e-06,0.0,4.1916054434640785e-05,0.005162037475484198,0.006418350281129624,0.27528436713177584,0.0003,0.04742705025549593,96.11090397834778
38,train,4.332847571523918e-05,4.318713296203802e-05,1.413427532011626e-06,0.0,4.318713296203802e-05,0.005237422855410339,0.00651254334711823,0.30611830024883663,0.0003,0.04957042345456008,96.79995679855347
39,train,3.634919953838264e-05,3.622365470775925e-05,1.255448306233904e-06,0.0,3.622365470775925e-05,0.004773996083932961,0.005987073359047544,0.28456956970280617,0.0003,0.04414855932881092,95.82917618751526
40,train,3.302384187553924e-05,3.2931107225835904e-05,9.273464970333564e-07,0.0,3.2931107225835904e-05,0.004545903592049305,0.005694775777901041,0.2390804655593017,0.0003,0.040884467869483195,94.83012795448303
41,train,3.0449170945652093e-05,3.035380842479283e-05,9.53625208592649e-07,0.0,3.035380842479283e-05,0.004404109978952028,0.005467293406676115,0.24477969906453428,0.0003,0.038863230657217834,97.98753833770752
42,train,3.3578410724999234e-05,3.348767893777253e-05,9.073178722670052e-07,0.0,3.348767893777253e-05,0.004571365517692576,0.005749406012032053,0.23975994129633083,0.0003,0.043520692318420984,94.95200800895691
43,train,2.7351114776616545e-05,2.725851171472359e-05,9.260306189295581e-07,0.0,2.725851171472359e-05,0.00417187276039401,0.005192127777263522,0.22966954394661146,0.0003,0.036697112280746985,94.63314890861511
44,train,2.6541513560608833e-05,2.6460410105034405e-05,8.110345557442684e-07,0.0,2.6460410105034405e-05,0.004093584267358328,0.005102372595815566,0.22085129803624645,0.0003,0.03660009040272441,95.50568175315857
45,train,3.26045798246845e-05,3.249375167170315e-05,1.108281529813494e-06,0.0,3.249375167170315e-05,0.004524508736032094,0.005656658326564678,0.2693546481173614,0.0003,0.04358594684765257,95.6637179851532
46,train,3.0357348855049843e-05,3.026805251434341e-05,8.929634070643166e-07,0.0,3.026805251434341e-05,0.004335041952736932,0.005440115944707188,0.23421935197608224,0.0003,0.041402681666458475,94.8926169872284
47,train,2.6063225130873637e-05,2.5979910003962717e-05,8.331512691091999e-07,0.0,2.5979910003962717e-05,0.004012627860306409,0.005046192648949037,0.21425706893205643,0.0003,0.03731205805750756,95.806725025177
48,train,2.3810675085704932e-05,2.374092995022034e-05,6.974513548459134e-07,0.0,2.374092995022034e-05,0.003845362879881828,0.004836521520889525,0.1776969612672411,0.0003,0.03528119517682955,96.78758311271667
49,train,2.5771044060032354e-05,2.5681398553921288e-05,8.964550611106712e-07,0.0,2.5681398553921288e-05,0.003984700623450094,0.005005195074522033,0.2058638684965413,0.0003,0.037655814004869295,94.38932609558105
50,train,2.2954382996368653e-05,2.287755973909576e-05,7.682325727289246e-07,0.0,2.287755973909576e-05,0.003792018424880145,0.004752068491331462,0.2033105872828385,0.0003,0.0349428229483551,96.52478957176208
51,train,2.35562267618626e-05,2.3479239973375084e-05,7.698678848751586e-07,0.0,2.3479239973375084e-05,0.0038404618269474856,0.004802124907969144,0.20030831365749754,0.0003,0.03605313461016992,95.57284617424011
52,train,2.324761953973158e-05,2.318535241007841e-05,6.226712965317034e-07,0.0,2.318535241007841e-05,0.0038064068809537024,0.004776644159172629,0.17111470627373662,0.0003,0.03581152104868971,96.92822766304016
53,train,1.9544408345754604e-05,1.948056963336622e-05,6.383871238838388e-07,0.0,1.948056963336622e-05,0.003506418570458632,0.004381353204170692,0.17705340413697834,0.0003,0.031668480614136005,94.90158653259277
54,train,2.445095271908791e-05,2.436465628902781e-05,8.629643006009968e-07,0.0,2.436465628902781e-05,0.00391173656178831,0.004896127273617634,0.21226353442360615,0.0003,0.038022077353350045,95.74383282661438
55,train,2.713018085549085e-05,2.7049014392857848e-05,8.116646263300121e-07,0.0,2.7049014392857848e-05,0.004119272500372909,0.005143290835207906,0.21867517150681595,0.0003,0.040919880125800084,97.07836174964905
56,train,1.707713677519521e-05,1.702834018440877e-05,4.87965907864393e-07,0.0,1.702834018440877e-05,0.0032648063176472127,0.00410062884751322,0.1327825689624096,0.0003,0.02884462177111157,96.54349565505981
57,train,2.2541636291679942e-05,2.2470096719816553e-05,7.153957186338975e-07,0.0,2.2470096719816553e-05,0.0037337775815856353,0.0046933854584871185,0.18343510876955657,0.0003,0.036206453235755706,94.77449202537537
58,train,1.8419388216616112e-05,1.8353522434687154e-05,6.586578192895857e-07,0.0,1.8353522434687154e-05,0.0033846503436758086,0.004248441847298166,0.16499042382528042,0.0003,0.0314024538444034,95.17819166183472
59,train,2.302526551735856e-05,2.2940886334128725e-05,8.437918322983776e-07,0.0,2.2940886334128725e-05,0.003731285904309359,0.004714606574672307,0.208973902309763,0.0003,0.03682932313852783,96.75273942947388
60,train,1.7713061698459413e-05,1.7664759854659647e-05,4.830184379976532e-07,0.0,1.7664759854659647e-05,0.0033368773533609406,0.0041747916056292834,0.13037296686449956,0.0003,0.030684117099334454,95.32251071929932
61,train,1.7719782182674517e-05,1.7669446229962794e-05,5.033595271172466e-07,0.0,1.7669446229962794e-05,0.003314073659190587,0.004167316047924346,0.13991259828466793,0.0003,0.031013372338152136,94.93408536911011
62,train,2.183413326097762e-05,2.176618956331493e-05,6.79436976626895e-07,0.0,2.176618956331493e-05,0.0037473777694434956,0.0046347396103022945,0.19115182372002765,0.0003,0.036704184037858044,97.42395997047424
63,train,1.625703096352062e-05,1.6208510369951597e-05,4.852059356902169e-07,0.0,1.6208510369951597e-05,0.0031887782207722292,0.003992596010934433,0.1363356108937798,0.0003,0.029314838157131755,96.4229383468628
64,train,1.5030001896968575e-05,1.499203726153014e-05,3.7964635438435115e-07,0.0,1.499203726153014e-05,0.0030598806353799744,0.003837570881246236,0.09713841152602229,0.0003,0.027440751067780215,94.82270383834839
65,train,1.566941901777082e-05,1.5624258563109144e-05,4.516045466167615e-07,0.0,1.5624258563109144e-05,0.003129322756210278,0.003924831519192406,0.1217403038693913,0.0003,0.029131788407163375,95.1748514175415
66,train,2.0201666683502043e-05,2.0140195029570947e-05,6.147165393109577e-07,0.0,2.0140195029570947e-05,0.0035865090562608734,0.004421181840308267,0.16194324998249268,0.0003,0.03498369362205267,96.83540081977844
67,train,1.965622466286732e-05,1.9594309394270914e-05,6.191526859640424e-07,0.0,1.9594309394270914e-05,0.003470441816246201,0.004356100777934851,0.17064176670050826,0.0003,0.03425681038663305,95.03354907035828
68,train,1.8674543401970296e-05,1.8615225599205587e-05,5.931780276471037e-07,0.0,1.8615225599205587e-05,0.0033904000040914477,0.004258184810169041,0.1551634369353796,0.0003,0.03367308660506688,95.77219748497009
69,train,1.9318578958257933e-05,1.924334649096448e-05,7.523246729345468e-07,0.0,1.924334649096448e-05,0.00341151509000438,0.004344196387984115,0.18270474415400934,0.0003,0.03479313644869574,96.54083251953125
70,train,1.4002021860756816e-05,1.396259866506343e-05,3.9423195693384986e-07,0.0,1.396259866506343e-05,0.002978409487946794,0.003714129272527222,0.10437619894871424,0.0003,0.027386142422669922,94.620441198349
71,train,1.3616920363399106e-05,1.3580965593252491e-05,3.5954770146614027e-07,0.0,1.3580965593252491e-05,0.0029039237214701957,0.003641329219982285,0.09196899121562982,0.0003,0.026505195343031966,96.33581018447876
72,train,1.3479786817268194e-05,1.3441990035814876e-05,3.7796781453317664e-07,0.0,1.3441990035814876e-05,0.0029038777976328955,0.00363914267529316,0.10019157271318395,0.0003,0.026741179155892338,94.92020177841187
73,train,1.9340842809367e-05,1.9296362756120227e-05,4.448005324677289e-07,0.0,1.9296362756120227e-05,0.0034844472056961267,0.004331419710069895,0.12070761723765011,0.0003,0.03468462802341272,98.97912240028381
74,train,1.369456635237239e-05,1.3657881513138599e-05,3.6684839233791127e-07,0.0,1.3657881513138599e-05,0.002932636404474234,0.0036409322397205337,0.09629729611734891,0.0003,0.026921365522490494,96.20280385017395
75,train,1.2564859829701657e-05,1.2532790182815696e-05,3.2069646885960975e-07,0.0,1.2532790182815696e-05,0.002815002234299378,0.003518027594666286,0.07857100183850732,0.0003,0.025612330321094084,95.10470390319824
76,train,1.3903643385220746e-05,1.3864604938887703e-05,3.903844633304414e-07,0.0,1.3864604938887703e-05,0.0029576398464369364,0.0036879254400665903,0.10098180277594204,0.0003,0.02788070627841456,96.44136214256287
77,train,1.4995289125877285e-05,1.4953720971067829e-05,4.1568154809455935e-07,0.0,1.4953720971067829e-05,0.0030601862215854482,0.0038397653381629236,0.11107519387813478,0.0003,0.029776006326850117,96.17124533653259
78,train,1.3918218686836194e-05,1.3884376718626049e-05,3.3841968210144214e-07,0.0,1.3884376718626049e-05,0.0029342359108529216,0.003684244961638389,0.08314775049301057,0.0003,0.027777400333434343,94.85181427001953
79,train,1.1531985825751558e-05,1.1500964272523436e-05,3.102155322812121e-07,0.0,1.1500964272523436e-05,0.002672687138767977,0.0033602057354010896,0.07384758248347147,0.0003,0.02442706111368948,95.22121691703796
80,train,1.4056083763493682e-05,1.4012316130212075e-05,4.3767633281606386e-07,0.0,1.4012316130212075e-05,0.0029095230335048562,0.003678502763846311,0.12498802935768819,0.0003,0.028011190544428497,97.62023687362671
81,train,1.483754203267173e-05,1.4796573599722187e-05,4.0968432949543495e-07,0.0,1.4796573599722187e-05,0.0030147950526262664,0.003795559758898513,0.11029095035688631,0.0003,0.029809886685990054,94.29702091217041
82,train,1.3305752485739857e-05,1.3269320153744173e-05,3.6432331995683853e-07,0.0,1.3269320153744173e-05,0.0028862653557082704,0.0035990634170392976,0.09151700320493045,0.0003,0.027541370484335668,95.12947392463684
83,train,1.3927927486130211e-05,1.3878511457858558e-05,4.941602827165267e-07,0.0,1.3878511457858558e-05,0.002987852801793608,0.0036939843437345378,0.13880807276943635,0.0003,0.029008913207156903,95.73289251327515
84,train,1.319943730740843e-05,1.3164582140171691e-05,3.485516723673817e-07,0.0,1.3164582140171691e-05,0.0028588346542854763,0.00358989087720241,0.08556333946963322,0.0003,0.02789732699828415,94.94316935539246
85,train,9.973285002841152e-06,9.950423136301808e-06,2.2861866539344569e-07,0.0,9.950423136301808e-06,0.0024970139593592493,0.0031282298210687167,0.04361829538187333,0.0003,0.022063343576958466,94.99888277053833
86,train,1.4069737554664165e-05,1.4028871779875521e-05,4.0865774788644247e-07,0.0,1.4028871779875521e-05,0.002993071668556538,0.0037128088698754535,0.10389128545748777,0.0003,0.0295258860328588,94.7362539768219
87,train,1.1479817364482673e-05,1.145130674777992e-05,2.851061670275283e-07,0.0,1.145130674777992e-05,0.0026308965371472054,0.0033451059054390624,0.06481381822056298,0.0003,0.024918843141018318,97.114089012146
88,train,1.1089249775251582e-05,1.105988388283957e-05,2.936589241201169e-07,0.0,1.105988388283957e-05,0.0026390269430803842,0.003291495742501113,0.06607399537260163,0.0003,0.024636890931889928,94.35778522491455
89,train,1.3032632490387445e-05,1.2995532305749607e-05,3.7100184637838227e-07,0.0,1.2995532305749607e-05,0.002876403472578988,0.0035680451045005486,0.09487847413803482,0.0003,0.027523493875974213,95.5941390991211
90,train,1.0536461782130613e-05,1.0503901844929025e-05,3.255993720158742e-07,0.0,1.0503901844929025e-05,0.002578595231672556,0.0032208211968877704,0.08154334434597142,0.0003,0.024112159819823915,95.79419469833374
91,train,1.1347819532133975e-05,1.1320456913945864e-05,2.7362618188111937e-07,0.0,1.1320456913945864e-05,0.0026181407417331277,0.003305583501812713,0.06459830110443049,0.0003,0.024793917040244258,94.88606929779053
92,train,1.0826442733296179e-05,1.0793296120215833e-05,3.314661308034625e-07,0.0,1.0793296120215833e-05,0.002543457506770461,0.0032368329482088828,0.07969947459561558,0.0003,0.02398039769895118,95.64929699897766
93,train,1.222821733702419e-05,1.2196544950147026e-05,3.1672386877164235e-07,0.0,1.2196544950147026e-05,0.0027896753122933723,0.0034582177096785143,0.07812500187870243,0.0003,0.026805369970228136,95.2555148601532
94,train,1.0599459088126162e-05,1.0570294997360807e-05,2.916409076535415e-07,0.0,1.0570294997360807e-05,0.0025780483767197564,0.0032242249480673463,0.06158405268998367,0.0003,0.024419750552624464,98.91163158416748
95,train,1.0469888741410658e-05,1.044711762946902e-05,2.2771111941637927e-07,0.0,1.044711762946902e-05,0.002556374816400609,0.003198932169872368,0.04375299412741101,0.0003,0.02355632377017675,95.60439920425415
96,train,1.3131025698488107e-05,1.3096157106011905e-05,3.486859247620236e-07,0.0,1.3096157106011905e-05,0.0028664509741717884,0.003582473286299099,0.08892481049908132,0.0003,0.028349904182912975,94.8340356349945
97,train,1.2249398857047199e-05,1.221315222147527e-05,3.6246635571928736e-07,0.0,1.221315222147527e-05,0.00272888385144801,0.0034572301705464207,0.09832076379097998,0.0003,0.02706312834574231,95.99060916900635
98,train,9.699059766030234e-06,9.671373093091272e-06,2.768667293896121e-07,0.0,9.671373093091272e-06,0.00245215854776124,0.0030770508556401937,0.06241020229484501,0.0003,0.022638784753608292,95.07655477523804
99,train,1.331864990990147e-05,1.3277074983840255e-05,4.1574926061214464e-07,0.0,1.3277074983840255e-05,0.0028828928841213726,0.0036133851872050555,0.10680974816004264,0.0003,0.029114750535066784,94.35527205467224
100,train,1.002092838168939e-05,9.992654738731478e-06,2.8273642957911163e-07,0.0,9.992654738731478e-06,0.0024640391046855726,0.0031138280294193276,0.06170677840067395,0.0003,0.022756099620641304,95.69284915924072
