model,asset,MSE,MAE,RMSE,HedgingError,Sharpe(errors),Sortino(errors),Turnover,Sharpe(PnL),Sortino(PnL),N
itoformer,SPY,8.73670381796138e-05,0.006425019563382944,0.00934703365670702,0.009337496742593375,-0.04520792419077241,-0.07257194800382019,0.0043949345096047305,4.602445666937699,50.2902219818661,118272
itoformer,QQQ,0.00016465096553670863,0.009257822474487712,0.012831639238098484,0.012817431252973695,-0.04709784820925724,-0.07542059011723581,0.004847646452184137,4.781077342093025,43.755883694239806,118272
itoformer,IWM,0.0001568419809620559,0.009345612497581663,0.01252365685261521,0.012376137513793706,0.15485927888760725,0.2892905772285516,0.005360260667359667,4.936048829664379,34.22629890981367,118272
itoformer,TLT,0.0001250790321389244,0.008869432435865097,0.011183873753710044,0.01113709512174117,-0.0917504811390754,-0.14780188153193333,0.0018276326275109746,-0.6210493822227372,-0.853768331178156,118272
itoformer,IEF,3.517852875995598e-05,0.004635686861992999,0.005931149025269554,0.00553700382691402,-0.38397242162826595,-0.5433093552229926,0.0011456417332338803,-0.6562160558840258,-1.0060869410546516,118272
itoformer,LQD,3.7374307635036225e-05,0.004696447925945562,0.006113453004238785,0.005961646999597288,-0.22710337386464655,-0.3386633043379245,0.0004968365180934534,0.14005816824199327,0.20573074082622783,118272
itoformer,HYG,2.4059638540926648e-05,0.0034901193257319656,0.004905062541999505,0.0047446494829478415,0.26222428082907223,0.4943315513680632,0.0016896091740950345,3.494312918947995,15.341726055088355,118272
itoformer,GLD,8.883477135582806e-05,0.0071746131997027915,0.00942521996325964,0.009319925791725421,0.15074194770367114,0.2734640970732699,0.0005965101586639773,-0.08039962975743895,-0.1101428949628358,118272
itoformer,DBC,0.0001439214120858544,0.00877560687809146,0.011996725056691698,0.011977720157853164,-0.05635505811201954,-0.08441714292876458,0.0024970793666190608,2.249693150198373,4.790092593501601,118272
itoformer,VNQ,0.00012822403693669266,0.008492449201241762,0.01132360529763788,0.011088578272214288,-0.20697844559334935,-0.3138555728243053,0.004955134952917096,4.275636072537217,31.161456625053063,118272
itoformer,EFA,7.92125553175149e-05,0.006364509840276728,0.008900143556005987,0.008897610503188198,-0.023863345709553795,-0.03978937967675442,0.005116082023300611,4.468328459417595,40.34768062092706,118272
itoformer,EEM,0.00011306484070586315,0.00789560295624156,0.010633195225606608,0.01032799347104042,-0.2448981543267758,-0.37500700965726164,0.006181799047995266,4.448062841796265,26.4459072307667,118272
patchtst,SPY,0.00023939189640779742,0.009614723947395022,0.015472294477801197,0.015222334084216188,0.1819640280005177,0.31692407152696417,9.072761798483206e-05,-0.5711292653548192,-0.8481749693151739,924
patchtst,QQQ,0.0003152809702726196,0.010690836390984849,0.01775615302571533,0.017705168786330515,-0.07594433102767575,-0.11863148806609895,0.00017158597930660887,0.6674375808241845,1.0895777065191616,924
patchtst,IWM,0.0002684971485682058,0.011570791909016234,0.016385882599610123,0.016308006212623107,-0.09784425249947808,-0.1517935546780582,0.00011391840639219934,-0.004893183854587638,-0.007903963607200082,924
patchtst,TLT,9.85241087334259e-05,0.008065222355876624,0.009925931126772234,0.008720389018657227,0.5436906959480342,1.1956258009468619,5.834281310942578e-05,-0.0936117309348123,-0.17562059910851155,924
patchtst,IEF,1.7075308449432898e-05,0.0033892890798094166,0.004132228024859337,0.004118219289094792,0.08255221889570685,0.15023503809457583,3.5933803130338035e-05,0.25532624456531433,0.3944389303978135,924
patchtst,LQD,2.3827573302987356e-05,0.003606476421038961,0.004881349537063225,0.004881349497511938,0.00012729910630005246,0.00019201806689022626,2.2271133412784398e-05,1.0919366333702059,1.6939546647892598,924
patchtst,HYG,2.767967831299839e-05,0.004062668512532467,0.005261148003335241,0.004215089178473898,0.7469460715811057,1.6808825385856931,6.75321005417118e-05,-1.162126230833099,-1.7428864228698835,924
patchtst,GLD,0.00017799201429817451,0.010519225081233766,0.013341364783940754,0.012400994639579754,-0.39675012411499033,-0.5693834717374523,6.944601592632722e-05,1.614853843942872,3.0054408040984875,924
patchtst,DBC,0.00012330280247807785,0.007901517679274892,0.011104179504946679,0.010943450448290468,-0.17201799354574873,-0.2469251999871797,0.00010179234485373781,-0.1726123277717489,-0.2641276154985636,924
patchtst,VNQ,0.00014895505342809706,0.00838964780030858,0.012204714393548793,0.01220462912612438,-0.0037380493916147,-0.00571410301955503,0.00015031869212541062,0.19855667877316416,0.29716034536629177,924
patchtst,EFA,0.00019233081807170147,0.009730111877619047,0.013868338691844149,0.012627574212602107,0.454060988398692,0.8792933933252028,0.00012992763997833156,-1.4348467645931733,-2.179013789680879,924
patchtst,EEM,0.00016855859780183242,0.008721192235790043,0.012983011892539897,0.012605138379439265,0.2466863130926331,0.43853234062054647,0.00011508148461538461,-1.4791384743393403,-2.2645303161379626,924
itransformer,SPY,0.0002474296519876893,0.01010215060980844,0.01572989675705754,0.015245788397923952,0.2539989163655421,0.4556650879342385,0.001017763881971831,-0.5626340361314838,-0.8538167617262838,924
itransformer,QQQ,0.0003183889985365403,0.010809661553152598,0.01784345814399609,0.017754145864385652,-0.10043063008714126,-0.15480305623798357,0.0015575507675037919,0.5681896396093564,0.9052413621302852,924
itransformer,IWM,0.00028582256115083953,0.012104075723559524,0.016906287621794427,0.01630987313428203,0.2728966636267152,0.5045531714484086,0.0008863605260021668,0.08241632679884432,0.13671902138538075,924
itransformer,TLT,8.224050476416266e-05,0.007108537624388528,0.009068655069201974,0.0087598780130541,-0.2678442073939094,-0.3723716199502878,0.0009793463058179847,0.12901693286716778,0.20347085897827605,924
itransformer,IEF,1.9254145184350784e-05,0.0035523074578787876,0.004387954555866638,0.004120949966815367,0.36576222145621257,0.8087239834316009,5.562893217768148e-05,-1.3840211013819808,-2.2844230190619985,924
itransformer,LQD,2.395639352146738e-05,0.003615629925077933,0.004894526894549399,0.00489392391724547,-0.015698214205346252,-0.02351667342722276,0.0003399223057640303,0.7704124623631224,1.1355366014666,924
itransformer,HYG,1.9105206449317146e-05,0.002807632575218723,0.004370950291334499,0.0042866696567540625,0.199270559541182,0.34605997369519303,0.0007976071051206934,-1.0324414568105007,-1.5960428222034784,924
itransformer,GLD,0.0001635791730701724,0.010016270976585499,0.012789807389877785,0.012414146243343208,0.24786523538926203,0.5089259131430467,0.0009871161215926328,-1.3416195980327528,-2.030555889074025,924
itransformer,DBC,0.0002544728603103705,0.013496092056547618,0.01595220549987902,0.010968204854788825,1.056073948635849,2.707975401802074,0.0009655481382448538,0.17036774560733006,0.2995915316910968,924
itransformer,VNQ,0.00018287582138099118,0.009568401048582252,0.013523158705753296,0.012207968919064381,-0.47651898530947484,-0.6142459251416817,0.0009981919856988082,0.0881277574680387,0.13649870875301162,924
itransformer,EFA,0.00017282762473036842,0.008747337565873701,0.013146392080353012,0.0126940952764482,0.26931488405858695,0.47670445162646813,0.002169077403586999,-0.8729615876395521,-1.3733951489389622,924
itransformer,EEM,0.00018169174013702233,0.009016550167662337,0.013479307850814238,0.0126491098735853,-0.36820308742191,-0.509149880180721,0.0019270288500325026,1.5433754920546903,2.6045993048751668,924
crosslite,SPY,0.0003557088169330316,0.014570449167416667,0.01886024434977001,0.015218348134744925,0.732043843357381,1.6770811970357569,3.851400650054173e-05,-0.5453424886001136,-0.8142539482820382,924
crosslite,QQQ,0.0003702426247444906,0.01373514731193723,0.01924168975803556,0.017703392306774028,0.42583561845580054,0.8535579733297739,5.8686791982665207e-05,-0.6702346481924213,-1.0086754737607972,924
crosslite,IWM,0.00027424633989553193,0.01178501765526948,0.016560384654214163,0.01631068845995315,0.175646948857928,0.31032548864077614,5.262820660888407e-05,0.010953060570444099,0.01797763836876099,924
crosslite,TLT,8.589809638352984e-05,0.007551187983906926,0.009268122592172044,0.008724386424926721,0.3585131434499207,0.70181290566158,6.572570780065004e-05,-0.10907963390697303,-0.20418331322733868,924
crosslite,IEF,2.1826741549326844e-05,0.003721286923668831,0.004671909839597383,0.004118300393004252,-0.5356527708589972,-0.701562963804078,2.2959691440953408e-05,1.344023087103379,2.449178956784393,924
crosslite,LQD,5.8713796334683015e-05,0.006292533768203462,0.0076624928277084225,0.004879073300088736,-1.2109546476531166,-1.3076583201231113,2.5530212784398707e-05,1.1330314303934006,1.7642100072778275,924
crosslite,HYG,4.0258001987426716e-05,0.005350032247056278,0.006344919383839854,0.004217253210551978,1.1240838207611827,3.031257686583077,2.6853417768147352e-05,-1.1779988921002833,-1.7656159798958069,924
crosslite,GLD,0.00017016500248176074,0.010194375583939392,0.013044730832093116,0.012400613869247687,-0.3264700553507892,-0.4817031247219267,1.9439819826652215e-05,1.614816034764718,3.006268956457086,924
crosslite,DBC,0.00018608028673691352,0.010619600928517315,0.013641124834005204,0.01094209948479806,-0.7444272199753873,-0.8997490033895444,3.711997833152764e-05,-0.16045345417970577,-0.24512236036340818,924
crosslite,VNQ,0.00015803281977685995,0.009258487302932902,0.012571110522816191,0.012204656340434048,0.2468867821092099,0.4281195130512831,5.447716543878658e-05,-0.011917617571499716,-0.020563843209903888,924
crosslite,EFA,0.00017336453849321778,0.008548025237316018,0.013166796819774267,0.012619315936499322,-0.297743030809795,-0.42256035321837393,2.6891980823401952e-05,1.4081273665056129,2.316296865357213,924
crosslite,EEM,0.00016719150915972918,0.008385527561396103,0.012930255572096368,0.012603339552247957,-0.22923896992303913,-0.33289573356832963,3.389807226435535e-05,1.4754558757495295,2.4474601417831905,924
pointwise,SPY,0.00026536497877234565,0.010157455209314933,0.016290026972732293,0.015223668379774685,-0.38078688982031395,-0.5350897736650708,0.0003557712838569881,0.5335980320974558,0.8694436544306287,924
pointwise,QQQ,0.000318690351119852,0.010775121695389609,0.017851900490419837,0.017720541215292422,-0.12198606662747828,-0.18690711635928997,0.0006201925487107259,0.600019470233644,0.9681738641371234,924
pointwise,IWM,0.00026802704314151526,0.011565831243416667,0.01637153148430272,0.016307853681897518,0.0884573991207647,0.14929634849886464,0.0007023050269122426,0.15520602570168682,0.259736907683463,924
pointwise,TLT,0.00012557575115777224,0.008828825524209957,0.011206058680810673,0.008721855172026385,-0.8067066427655768,-0.9319200572251385,0.00019783806229685806,0.11009068612915307,0.17562793132163454,924
pointwise,IEF,5.0345546343878395e-05,0.006055482254469696,0.00709545955832872,0.004140318096338701,1.3917364350392312,8.326000730813716,0.0006327860637053087,-1.3007710275894173,-2.1642346949341755,924
pointwise,LQD,0.00012395843410121601,0.01009664522805195,0.011133662205277112,0.004899396693947407,-2.040601663993589,-2.0986519410638853,0.0005755789674972914,1.139176735518757,1.7716845717476213,924
pointwise,HYG,4.061030945405458e-05,0.005281851921666666,0.006372621866551834,0.004222453234143296,-1.1303773128110879,-1.4054392897083807,0.0002515279279523294,1.1928607340912911,1.962466925785258,924
pointwise,GLD,0.00016357406861942426,0.009955368353852816,0.012789607836811271,0.012401587019664892,-0.25210103669566364,-0.38456458823729656,0.0001523809702058505,1.6059493709684665,2.986484738682643,924
pointwise,DBC,0.0001224959187002064,0.007838071818963744,0.011067787434722733,0.010964463363549606,-0.13760772264624166,-0.1999738592613377,0.0008209904747573131,-0.1267043572052686,-0.18746123387889624,924
pointwise,VNQ,0.00016829162725707958,0.009791003462992423,0.012972726284674304,0.012338997123567326,0.32458828473732715,0.5859975019207114,0.002251337276626219,0.02256180028679011,0.0408996663042541,924
pointwise,EFA,0.00019254298413754278,0.009431508975735931,0.013875985879840855,0.012618477269106237,-0.4574315294962723,-0.6196264534283917,0.00013196877009750814,1.4108341599502618,2.321056754155017,924
pointwise,EEM,0.00018964277043709155,0.009831091918290045,0.013771084577370496,0.012611415740407578,0.43859242516853064,0.853045652672748,0.0013158658099024917,-1.3319032641422244,-2.068059773828829,924
